Participant,LowStress,MildStress,HigherStress
flm,3.577787637260725,6.259858006238938,10.114813889775958
