Participant,LowStress,MildStress,HigherStress
001,3.7042403361376595,6.3726495591076935,12.324810194969176
