Participant,LowStress,MildStress,HigherStress
1,2.49122505929019,3.032601763740663,2.6944721242655882
