Participant,LowStress,MildStress,HigherStress
flm,3.005867483923512,2.969444982455327,3.063373031616211
