Participant,LowStress,MildStress,HigherStress
5,2.0681849598884585,4.721236145496369,0.3920928731560707
1,2.6704847916312837,6.316100133955479,17.744740428644068
