Participant,LowStress,MildStress,HigherStress
5,2.0681849598884585,4.721236145496369,0.3920928731560707
